timestamp,symbol,side,qty,entry,mid,pnl_share,pnl,pnl_pct,cumulative_pnl
2025-06-16T13:35:47.426423,QQQ250616P00534000,long,9,0.48,0.55,0.07000000000000006,63.00000000000006,,0.0
2025-06-16T13:35:47.500818,QQQ250616P00535000,short,-9,0.86,0.985,-0.125,112.5,,0.0
2025-06-16T13:35:47.581752,SPY250616P00603000,long,10,0.55,0.595,0.04499999999999993,44.99999999999993,,0.0
2025-06-16T13:35:47.656294,SPY250616P00604000,short,-10,1.01,1.1549999999999998,-0.1449999999999998,144.9999999999998,,0.0
2025-06-16T13:37:01.478742,QQQ250616P00534000,long,18,0.5,0.46950000000000003,-0.03049999999999997,-54.89999999999995,,0.0
2025-06-16T13:37:01.553815,QQQ250616P00535000,short,-18,0.895,0.92,-0.025000000000000022,45.00000000000004,,0.0
2025-06-16T13:37:01.631027,SPY250616P00603000,long,19,0.573684,0.575,0.0013159999999999838,2.5003999999999693,,0.0
2025-06-16T13:37:01.705099,SPY250616P00604000,short,-19,1.047895,1.0950000000000002,-0.047105000000000175,89.49950000000032,,0.0
2025-06-16T13:38:15.303545,QQQ250616P00534000,long,27,0.496667,0.53,0.033333,89.9991,,0.0
2025-06-16T13:38:15.398949,QQQ250616P00535000,short,-27,0.893333,0.965,-0.07166699999999993,193.5008999999998,,0.0
2025-06-16T13:38:15.473469,SPY250616P00603000,long,28,0.578929,0.675,0.09607100000000002,268.9988000000001,,0.0
2025-06-16T13:38:15.545631,SPY250616P00604000,short,-28,1.058214,1.21,-0.15178599999999998,425.0007999999999,,0.0
2025-06-16T13:39:28.958642,QQQ250616P00534000,long,36,0.495,0.475,-0.020000000000000018,-72.00000000000006,,0.0
2025-06-16T13:39:29.033995,QQQ250616P00535000,short,-36,0.89,0.9095,-0.019499999999999962,70.19999999999986,,0.0
2025-06-16T13:39:29.108132,SPY250616P00603000,long,37,0.584054,0.615,0.03094600000000003,114.50020000000012,,0.0
2025-06-16T13:39:29.182351,SPY250616P00604000,short,-37,1.065946,1.13,-0.06405399999999983,236.99979999999937,,0.0
2025-06-16T13:40:42.666782,QQQ250616P00534000,long,45,0.498,0.5145,0.01649999999999996,74.24999999999982,,0.0
2025-06-16T13:40:42.743858,QQQ250616P00535000,short,-45,0.894,0.9295,-0.035499999999999976,159.7499999999999,,0.0
2025-06-16T13:40:42.817664,SPY250616P00603000,long,46,0.595,0.615,0.020000000000000018,92.00000000000009,,0.0
2025-06-16T13:40:42.894580,SPY250616P00604000,short,-46,1.086304,1.15,-0.06369599999999997,293.0015999999999,,0.0
2025-06-16T13:41:56.579672,QQQ250616P00534000,long,54,0.496667,0.435,-0.06166700000000003,-333.0018000000002,,0.0
2025-06-16T13:41:56.692828,QQQ250616P00535000,short,-54,0.895,0.885,0.010000000000000009,-54.00000000000005,,0.0
2025-06-16T13:41:56.768005,SPY250616P00603000,long,46,0.595,0.585,-0.010000000000000009,-46.00000000000004,,0.0
2025-06-16T13:41:56.859199,SPY250616P00604000,short,-46,1.086304,1.05,0.03630399999999989,-166.9983999999995,,0.0
2025-06-16T13:43:10.555021,QQQ250616P00534000,long,63,0.49,0.46499999999999997,-0.025000000000000022,-157.50000000000014,,0.0
2025-06-16T13:43:10.629202,QQQ250616P00535000,short,-63,0.885714,0.8895,-0.003785999999999956,23.851799999999724,,0.0
2025-06-16T13:43:10.703285,SPY250616P00603000,long,55,0.589273,0.605,0.015726999999999935,86.49849999999965,,0.0
2025-06-16T13:43:10.779826,SPY250616P00604000,short,-55,1.080364,1.135,-0.05463599999999991,300.4979999999995,,0.0
2025-06-16T13:44:24.739430,QQQ250616P00534000,long,72,0.49,0.555,0.06500000000000006,468.0000000000004,,0.0
2025-06-16T13:44:24.816946,QQQ250616P00535000,short,-72,0.88875,1.0145,-0.12574999999999992,905.3999999999995,,0.0
2025-06-16T13:44:24.895767,SPY250616P00603000,long,64,0.589375,0.645,0.055625000000000036,356.0000000000002,,0.0
2025-06-16T13:44:24.973453,SPY250616P00604000,short,-64,1.081719,1.185,-0.10328099999999996,660.9983999999997,,0.0
2025-06-16T13:46:12.718605,QQQ250616P00534000,long,81,0.496667,0.525,0.028332999999999997,229.49729999999997,,0.0
2025-06-16T13:46:12.807855,QQQ250616P00535000,short,-81,0.901111,0.9644999999999999,-0.06338899999999992,513.4508999999994,,0.0
2025-06-16T13:46:12.923677,SPY250616P00603000,long,73,0.594384,0.675,0.08061600000000002,588.4968000000001,,0.0
2025-06-16T13:46:13.025232,SPY250616P00604000,short,-73,1.092603,1.22,-0.12739699999999998,929.9980999999999,,0.0
2025-06-16T13:47:27.123331,QQQ250616P00534000,long,90,0.504,0.5145,0.010499999999999954,94.49999999999959,,0.0
2025-06-16T13:47:27.200724,QQQ250616P00535000,short,-90,0.914,0.95,-0.03599999999999992,323.9999999999993,,0.0
2025-06-16T13:47:27.296849,SPY250616P00603000,long,82,0.60378,0.655,0.05122000000000004,420.0040000000003,,0.0
2025-06-16T13:47:27.375251,SPY250616P00604000,short,-82,1.109878,1.165,-0.055122000000000115,452.0004000000009,,0.0
2025-06-16T13:48:41.613520,QQQ250616P00534000,long,99,0.508182,0.51,0.0018179999999999863,17.998199999999866,,0.0
2025-06-16T13:48:41.691583,QQQ250616P00535000,short,-99,0.920909,0.9295,-0.008591000000000015,85.05090000000015,,0.0
2025-06-16T13:48:41.775560,SPY250616P00603000,long,82,0.60378,0.665,0.06122000000000005,502.0040000000004,,0.0
2025-06-16T13:48:41.856332,SPY250616P00604000,short,-82,1.109878,1.275,-0.165122,1354.0004,,0.0
2025-06-16T13:49:56.094174,QQQ250616P00534000,long,108,0.509167,0.484,-0.02516700000000005,-271.80360000000053,,0.0
2025-06-16T13:49:56.170844,QQQ250616P00535000,short,-108,0.923333,0.925,-0.001667000000000085,18.00360000000092,,0.0
2025-06-16T13:49:56.249511,SPY250616P00603000,long,82,0.60378,0.685,0.08122000000000007,666.0040000000006,,0.0
2025-06-16T13:49:56.324566,SPY250616P00604000,short,-82,1.109878,1.245,-0.1351220000000002,1108.0004000000015,,0.0
2025-06-16T13:51:10.839546,QQQ250616P00534000,long,117,0.508462,0.4545,-0.053961999999999954,-631.3553999999995,,0.0
2025-06-16T13:51:10.931158,QQQ250616P00535000,short,-117,0.923077,0.89,0.03307700000000002,-387.0009000000003,,0.0
2025-06-16T13:51:11.006365,SPY250616P00603000,long,82,0.60378,0.675,0.07122000000000006,584.0040000000006,,0.0
2025-06-16T13:51:11.087597,SPY250616P00604000,short,-82,1.109878,1.245,-0.1351220000000002,1108.0004000000015,,0.0
2025-06-16T13:52:25.519385,QQQ250616P00534000,long,126,0.507857,0.545,0.03714300000000004,468.0018000000005,,0.0
2025-06-16T13:52:25.595002,QQQ250616P00535000,short,-126,0.922143,0.995,-0.07285699999999995,917.9981999999993,,0.0
2025-06-16T13:52:25.673867,SPY250616P00603000,long,82,0.60378,0.755,0.15122000000000002,1240.0040000000001,,0.0
2025-06-16T13:52:25.782464,SPY250616P00604000,short,-82,1.109878,1.33,-0.22012200000000015,1805.0004000000013,,0.0
2025-06-16T13:53:39.507363,QQQ250616P00534000,long,135,0.511333,0.545,0.033667,454.5045,,0.0
2025-06-16T13:53:39.586283,QQQ250616P00535000,short,-135,0.928,0.955,-0.026999999999999913,364.4999999999988,,0.0
2025-06-16T13:53:39.665210,SPY250616P00602000,long,9,0.42,0.38449999999999995,-0.03550000000000003,-31.950000000000028,,0.0
2025-06-16T13:53:39.740100,SPY250616P00603000,long,73,0.60378,0.725,0.12122,884.906,,0.0
2025-06-16T13:53:39.813763,SPY250616P00604000,short,-82,1.109878,1.36,-0.2501220000000002,2051.0004000000017,,0.0
2025-06-16T13:54:53.419520,QQQ250616P00534000,long,144,0.51125,0.555,0.04375000000000007,630.0000000000009,,0.0
2025-06-16T13:54:53.492888,QQQ250616P00535000,short,-144,0.92875,1.085,-0.15625,2250.0,,0.0
2025-06-16T13:54:53.573933,SPY250616P00602000,long,18,0.405,0.475,0.06999999999999995,125.99999999999991,,0.0
2025-06-16T13:54:53.648530,SPY250616P00603000,long,64,0.60378,0.8645,0.26072000000000006,1668.6080000000004,,0.0
2025-06-16T13:54:53.720578,SPY250616P00604000,short,-82,1.109878,1.53,-0.4201220000000001,3445.000400000001,,0.0
2025-06-16T13:56:19.432089,QQQ250616P00534000,long,153,0.520588,0.635,0.11441199999999996,1750.5035999999993,,0.0
2025-06-16T13:56:19.506340,QQQ250616P00535000,short,-153,0.942353,1.115,-0.172647,2641.4991,,0.0
2025-06-16T13:56:19.584559,SPY250616P00602000,long,27,0.426667,0.505,0.07833299999999999,211.4991,,0.0
2025-06-16T13:56:19.661252,SPY250616P00603000,long,55,0.60378,0.945,0.34121999999999997,1876.71,,0.0
2025-06-16T13:56:19.733709,SPY250616P00604000,short,-82,1.109878,1.6245,-0.5146220000000001,4219.900400000001,,0.0
2025-06-16T13:57:32.943296,QQQ250616P00534000,long,162,0.527222,0.715,0.187778,3042.0036,,0.0
2025-06-16T13:57:33.020458,QQQ250616P00535000,short,-162,0.952222,1.31,-0.35777800000000004,5796.003600000001,,0.0
2025-06-16T13:57:33.095439,SPY250616P00602000,long,36,0.445,0.615,0.16999999999999998,611.9999999999999,,0.0
2025-06-16T13:57:33.168252,SPY250616P00603000,long,46,0.60378,1.09,0.4862200000000001,2236.6120000000005,,0.0
2025-06-16T13:57:33.243088,SPY250616P00604000,short,-82,1.109878,1.7795,-0.6696220000000002,5490.900400000001,,0.0
2025-06-16T13:58:46.600135,QQQ250616P00534000,long,171,0.538421,0.77,0.23157899999999998,3960.0009,,0.0
2025-06-16T13:58:46.674945,QQQ250616P00535000,short,-171,0.968421,1.32,-0.3515790000000001,6012.000900000002,,0.0
2025-06-16T13:58:46.747633,SPY250616P00602000,long,44,0.473182,0.655,0.18181800000000004,799.9992000000002,,0.0
2025-06-16T13:58:46.824848,SPY250616P00603000,long,38,0.60378,1.13,0.5262199999999999,1999.6359999999995,,0.0
2025-06-16T13:58:46.898764,SPY250616P00604000,short,-82,1.109878,1.865,-0.7551220000000001,6192.000400000001,,0.0
2025-06-16T14:00:00.449029,QQQ250616P00533000,long,8,0.46,0.425,-0.03500000000000003,-28.000000000000025,,0.0
2025-06-16T14:00:00.520247,QQQ250616P00534000,long,163,0.538421,0.755,0.21657899999999997,3530.237699999999,,0.0
2025-06-16T14:00:00.598481,QQQ250616P00535000,short,-171,0.968421,1.31,-0.3415790000000001,5841.000900000002,,0.0
2025-06-16T14:00:00.679773,SPY250616P00602000,long,52,0.501923,0.605,0.10307699999999997,536.0003999999998,,0.0
2025-06-16T14:00:00.758947,SPY250616P00603000,long,30,0.60378,1.09,0.4862200000000001,1458.6600000000003,,0.0
2025-06-16T14:00:00.833268,SPY250616P00604000,short,-82,1.109878,1.83,-0.7201220000000002,5905.000400000002,,0.0
2025-06-16T14:01:17.380548,QQQ250616P00533000,long,17,0.438824,0.4145,-0.024324000000000012,-41.35080000000002,,0.0
2025-06-16T14:01:17.453530,QQQ250616P00534000,long,154,0.538421,0.72,0.18157899999999993,2796.316599999999,,0.0
2025-06-16T14:01:17.528148,QQQ250616P00535000,short,-171,0.968421,1.2650000000000001,-0.29657900000000015,5071.500900000003,,0.0
2025-06-16T14:01:17.600444,SPY250616P00602000,long,60,0.519,0.565,0.04599999999999993,275.9999999999996,,0.0
2025-06-16T14:01:17.675292,SPY250616P00603000,long,22,0.60378,1.03,0.42622000000000004,937.6840000000002,,0.0
2025-06-16T14:01:17.747664,SPY250616P00604000,short,-82,1.109878,1.7445,-0.634622,5203.9003999999995,,0.0
2025-06-16T14:02:31.116119,QQQ250616P00533000,long,26,0.418462,0.325,-0.09346199999999999,-243.00119999999995,,0.0
2025-06-16T14:02:31.189772,QQQ250616P00534000,long,145,0.538421,0.62,0.08157899999999996,1182.8954999999994,,0.0
2025-06-16T14:02:31.263415,QQQ250616P00535000,short,-171,0.968421,1.165,-0.19657900000000006,3361.500900000001,,0.0
2025-06-16T14:02:31.335253,SPY250616P00602000,long,69,0.521739,0.4645,-0.05723899999999993,-394.94909999999953,,0.0
2025-06-16T14:02:31.407418,SPY250616P00603000,long,13,0.60378,0.935,0.33122000000000007,430.58600000000007,,0.0
2025-06-16T14:02:31.491609,SPY250616P00604000,short,-82,1.109878,1.605,-0.49512200000000006,4060.0004000000004,,0.0
2025-06-16T14:03:42.827794,QQQ250616P00533000,long,35,0.406,0.305,-0.10100000000000003,-353.5000000000001,,0.0
2025-06-16T14:03:42.904998,QQQ250616P00534000,long,136,0.538421,0.61,0.07157899999999995,973.4743999999992,,0.0
2025-06-16T14:03:42.981474,QQQ250616P00535000,short,-171,0.968421,1.11,-0.14157900000000012,2421.0009000000023,,0.0
2025-06-16T14:03:43.060992,SPY250616P00602000,long,78,0.521538,0.46499999999999997,-0.05653799999999998,-440.9963999999999,,0.0
2025-06-16T14:03:43.137662,SPY250616P00603000,long,4,0.60378,0.885,0.28122,112.48800000000001,,0.0
2025-06-16T14:03:43.213167,SPY250616P00604000,short,-82,1.109878,1.52,-0.4101220000000001,3363.000400000001,,0.0
2025-06-16T14:04:57.168349,QQQ250616P00533000,long,35,0.406,0.305,-0.10100000000000003,-353.5000000000001,,0.0
2025-06-16T14:04:57.243956,QQQ250616P00534000,long,136,0.538421,0.5700000000000001,0.031579000000000024,429.47440000000034,,0.0
2025-06-16T14:04:57.322720,QQQ250616P00535000,short,-171,0.968421,1.12,-0.15157900000000013,2592.0009000000023,,0.0
2025-06-16T14:04:57.398113,SPY250616P00602000,long,78,0.521538,0.4645,-0.05703799999999992,-444.8963999999994,,0.0
2025-06-16T14:04:57.473819,SPY250616P00603000,long,4,0.60378,0.8745,0.27072000000000007,108.28800000000003,,0.0
2025-06-16T14:04:57.547417,SPY250616P00604000,short,-82,1.109878,1.5350000000000001,-0.4251220000000002,3486.0004000000017,,0.0
2025-06-16T14:06:11.228789,QQQ250616P00533000,long,35,0.406,0.30500000000000005,-0.10099999999999998,-353.49999999999994,,0.0
2025-06-16T14:06:11.311290,QQQ250616P00534000,long,145,0.540381,0.5700000000000001,0.029619000000000062,429.4755000000009,,0.0
2025-06-16T14:06:11.388951,QQQ250616P00535000,short,-180,0.9725,1.05,-0.07750000000000001,1395.0000000000002,,0.0
2025-06-16T14:06:11.469528,SPY250616P00602000,long,78,0.521538,0.4145,-0.10703799999999997,-834.8963999999997,,0.0
2025-06-16T14:06:11.549594,SPY250616P00603000,long,4,0.60378,0.805,0.20122000000000007,80.48800000000003,,0.0
2025-06-16T14:06:11.625398,SPY250616P00604000,short,-82,1.109878,1.455,-0.34512200000000015,2830.0004000000013,,0.0
2025-06-16T14:07:25.516031,QQQ250616P00533000,long,35,0.406,0.305,-0.10100000000000003,-353.5000000000001,,0.0
2025-06-16T14:07:25.587214,QQQ250616P00534000,long,154,0.540359,0.64,0.09964099999999998,1534.4713999999997,,0.0
2025-06-16T14:07:25.662893,QQQ250616P00535000,short,-189,0.97381,1.145,-0.17119000000000006,3235.491000000001,,0.0
2025-06-16T14:07:25.740078,SPY250616P00602000,long,78,0.521538,0.4645,-0.05703799999999992,-444.8963999999994,,0.0
2025-06-16T14:07:25.817602,SPY250616P00603000,long,4,0.60378,0.8745,0.27072000000000007,108.28800000000003,,0.0
2025-06-16T14:07:25.891658,SPY250616P00604000,short,-82,1.109878,1.58,-0.47012200000000015,3855.0004000000017,,0.0
2025-06-16T14:08:39.688578,QQQ250616P00533000,long,35,0.406,0.345,-0.061000000000000054,-213.5000000000002,,0.0
2025-06-16T14:08:39.764729,QQQ250616P00534000,long,163,0.545861,0.63,0.08413899999999996,1371.4656999999993,,0.0
2025-06-16T14:08:39.838480,QQQ250616P00535000,short,-198,0.981364,1.13,-0.14863599999999988,2942.9927999999977,,0.0
2025-06-16T14:08:39.919651,SPY250616P00602000,long,78,0.521538,0.475,-0.04653799999999997,-362.99639999999977,,0.0
2025-06-16T14:08:39.994837,SPY250616P00603000,long,4,0.60378,0.89,0.28622000000000003,114.48800000000001,,0.0
2025-06-16T14:08:40.069585,SPY250616P00604000,short,-82,1.109878,1.5750000000000002,-0.46512200000000026,3814.0004000000017,,0.0
2025-06-16T14:09:53.783851,QQQ250616P00533000,long,35,0.406,0.355,-0.051000000000000045,-178.50000000000014,,0.0
2025-06-16T14:09:53.904665,QQQ250616P00534000,long,172,0.550263,0.635,0.08473700000000006,1457.4764000000011,,0.0
2025-06-16T14:09:53.980745,QQQ250616P00535000,short,-207,0.988261,1.13,-0.14173899999999995,2933.997299999999,,0.0
2025-06-16T14:09:54.053422,SPY250616P00602000,long,78,0.521538,0.445,-0.07653799999999994,-596.9963999999995,,0.0
2025-06-16T14:09:54.127744,SPY250616P00603000,long,4,0.60378,0.895,0.29122000000000003,116.48800000000001,,0.0
2025-06-16T14:09:54.202208,SPY250616P00604000,short,-82,1.109878,1.55,-0.4401220000000001,3609.000400000001,,0.0
2025-06-16T14:11:07.979838,QQQ250616P00533000,long,35,0.406,0.315,-0.09100000000000003,-318.5000000000001,,0.0
2025-06-16T14:11:08.053550,QQQ250616P00534000,long,181,0.556217,0.605,0.04878300000000002,882.9723000000004,,0.0
2025-06-16T14:11:08.129482,QQQ250616P00535000,short,-216,0.996667,1.16,-0.16333299999999995,3527.992799999999,,0.0
2025-06-16T14:11:08.204943,SPY250616P00602000,long,78,0.521538,0.4645,-0.05703799999999992,-444.8963999999994,,0.0
2025-06-16T14:11:08.281630,SPY250616P00603000,long,4,0.60378,0.875,0.27122,108.488,,0.0
2025-06-16T14:11:08.353158,SPY250616P00604000,short,-82,1.109878,1.59,-0.48012200000000016,3937.0004000000017,,0.0
2025-06-16T14:12:21.978929,QQQ250616P00533000,long,35,0.406,0.335,-0.07100000000000001,-248.50000000000003,,0.0
2025-06-16T14:12:22.057590,QQQ250616P00534000,long,189,0.559763,0.6950000000000001,0.13523700000000005,2555.979300000001,,0.0
2025-06-16T14:12:22.130863,QQQ250616P00535000,short,-224,1.002857,1.255,-0.2521429999999998,5648.003199999996,,0.0
2025-06-16T14:12:22.204548,SPY250616P00602000,long,78,0.521538,0.525,0.003462000000000076,27.003600000000596,,0.0
2025-06-16T14:12:22.278663,SPY250616P00603000,long,4,0.60378,0.985,0.38122,152.488,,0.0
2025-06-16T14:12:22.358104,SPY250616P00604000,short,-82,1.109878,1.745,-0.6351220000000002,5208.000400000002,,0.0
2025-06-16T14:13:36.145404,QQQ250616P00533000,long,35,0.406,0.35,-0.05600000000000005,-196.00000000000017,,0.0
2025-06-16T14:13:36.220108,QQQ250616P00534000,long,197,0.563428,0.645,0.08157199999999998,1606.9683999999995,,0.0
2025-06-16T14:13:36.299468,QQQ250616P00535000,short,-232,1.008966,1.2,-0.19103399999999993,4431.988799999998,,0.0
2025-06-16T14:13:36.375130,SPY250616P00602000,long,78,0.521538,0.425,-0.09653799999999996,-752.9963999999997,,0.0
2025-06-16T14:13:36.446661,SPY250616P00603000,long,4,0.60378,0.895,0.29122000000000003,116.48800000000001,,0.0
2025-06-16T14:13:36.520967,SPY250616P00604000,short,-82,1.109878,1.5945,-0.4846220000000001,3973.900400000001,,0.0
2025-06-16T14:14:50.322257,QQQ250616P00533000,long,35,0.406,0.28500000000000003,-0.121,-423.49999999999994,,0.0
2025-06-16T14:14:50.395802,QQQ250616P00534000,long,197,0.563428,0.6,0.03657199999999994,720.4683999999988,,0.0
2025-06-16T14:14:50.474216,QQQ250616P00535000,short,-232,1.008966,1.1099999999999999,-0.10103399999999985,2343.9887999999964,,0.0
2025-06-16T14:14:50.548160,SPY250616P00602000,long,78,0.521538,0.435,-0.08653799999999995,-674.9963999999995,,0.0
2025-06-16T14:14:50.626742,SPY250616P00603000,long,4,0.60378,0.835,0.23121999999999998,92.488,,0.0
2025-06-16T14:14:50.705119,SPY250616P00604000,short,-82,1.109878,1.495,-0.3851220000000002,3158.0004000000017,,0.0
2025-06-16T14:16:04.731399,QQQ250616P00533000,long,35,0.406,0.305,-0.10100000000000003,-353.5000000000001,,0.0
2025-06-16T14:16:04.807828,QQQ250616P00534000,long,197,0.563428,0.565,0.0015719999999999068,30.968399999998162,,0.0
2025-06-16T14:16:04.879718,QQQ250616P00535000,short,-232,1.008966,1.04,-0.031034000000000006,719.9888000000001,,0.0
2025-06-16T14:16:04.953533,SPY250616P00602000,long,78,0.521538,0.425,-0.09653799999999996,-752.9963999999997,,0.0
2025-06-16T14:16:05.031084,SPY250616P00603000,long,4,0.60378,0.785,0.18122000000000005,72.48800000000001,,0.0
2025-06-16T14:16:05.108300,SPY250616P00604000,short,-82,1.109878,1.52,-0.4101220000000001,3363.000400000001,,0.0
2025-06-16T14:17:31.048866,QQQ250616P00533000,long,35,0.406,0.28500000000000003,-0.121,-423.49999999999994,,0.0
2025-06-16T14:17:31.121765,QQQ250616P00534000,long,197,0.563428,0.61,0.04657199999999995,917.4683999999991,,0.0
2025-06-16T14:17:31.194280,QQQ250616P00535000,short,-232,1.008966,1.1549999999999998,-0.14603399999999978,3387.988799999995,,0.0
2025-06-16T14:17:31.333607,SPY250616P00602000,long,78,0.521538,0.4145,-0.10703799999999997,-834.8963999999997,,0.0
2025-06-16T14:17:31.406893,SPY250616P00603000,long,4,0.60378,0.8795,0.27571999999999997,110.28799999999998,,0.0
2025-06-16T14:17:31.482508,SPY250616P00604000,short,-82,1.109878,1.6195,-0.509622,4178.9003999999995,,0.0
2025-06-16T14:18:44.929152,QQQ250616P00533000,long,35,0.406,0.335,-0.07100000000000001,-248.50000000000003,,0.0
2025-06-16T14:18:45.002580,QQQ250616P00534000,long,206,0.565462,0.625,0.05953799999999998,1226.4827999999995,,0.0
2025-06-16T14:18:45.075318,QQQ250616P00535000,short,-241,1.013859,1.185,-0.171141,4124.4981,,0.0
2025-06-16T14:18:45.152440,SPY250616P00602000,long,78,0.521538,0.45499999999999996,-0.06653799999999999,-518.9963999999999,,0.0
2025-06-16T14:18:45.224853,SPY250616P00603000,long,4,0.60378,0.9245000000000001,0.3207200000000001,128.28800000000004,,0.0
2025-06-16T14:18:45.299547,SPY250616P00604000,short,-82,1.109878,1.625,-0.5151220000000001,4224.000400000001,,0.0
2025-06-16T14:19:58.819021,QQQ250616P00533000,long,35,0.406,0.295,-0.11100000000000004,-388.50000000000017,,0.0
2025-06-16T14:19:58.894349,QQQ250616P00534000,long,214,0.567501,0.625,0.05749899999999997,1230.4785999999992,,0.0
2025-06-16T14:19:58.973939,QQQ250616P00535000,short,-249,1.018233,1.185,-0.1667670000000001,4152.498300000003,,0.0
2025-06-16T14:19:59.049388,SPY250616P00602000,long,78,0.521538,0.475,-0.04653799999999997,-362.99639999999977,,0.0
2025-06-16T14:19:59.124200,SPY250616P00603000,long,4,0.60378,0.9095,0.30572,122.288,,0.0
2025-06-16T14:19:59.202721,SPY250616P00604000,short,-82,1.109878,1.605,-0.49512200000000006,4060.0004000000004,,0.0
2025-06-16T14:21:13.340557,QQQ250616P00533000,long,35,0.406,0.345,-0.061000000000000054,-213.5000000000002,,0.0
2025-06-16T14:21:13.419092,QQQ250616P00534000,long,214,0.567501,0.71,0.14249899999999993,3049.4785999999986,,0.0
2025-06-16T14:21:13.516397,QQQ250616P00535000,short,-249,1.018233,1.29,-0.2717670000000001,6766.998300000002,,0.0
2025-06-16T14:21:13.600708,SPY250616P00602000,long,78,0.521538,0.525,0.003462000000000076,27.003600000000596,,0.0
2025-06-16T14:21:13.678020,SPY250616P00603000,long,4,0.60378,0.9844999999999999,0.38071999999999995,152.28799999999998,,0.0
2025-06-16T14:21:13.765633,SPY250616P00604000,short,-82,1.109878,1.7850000000000001,-0.6751220000000002,5536.000400000002,,0.0
2025-06-16T14:22:42.718874,QQQ250616P00533000,long,43,0.399302,0.345,-0.05430200000000002,-233.49860000000007,,0.0
2025-06-16T14:22:42.794699,QQQ250616P00534000,long,206,0.567501,0.61,0.042498999999999953,875.479399999999,,0.0
2025-06-16T14:22:42.872131,QQQ250616P00535000,short,-249,1.018233,1.2149999999999999,-0.19676699999999991,4899.4982999999975,,0.0
2025-06-16T14:22:42.953089,SPY250616P00602000,long,78,0.521538,0.475,-0.04653799999999997,-362.99639999999977,,0.0
2025-06-16T14:22:43.035897,SPY250616P00603000,long,4,0.60378,0.9299999999999999,0.32621999999999995,130.48799999999997,,0.0
2025-06-16T14:22:43.108946,SPY250616P00604000,short,-82,1.109878,1.7245,-0.614622,5039.9003999999995,,0.0
2025-06-16T14:23:57.047472,QQQ250616P00533000,long,43,0.399302,0.245,-0.154302,-663.4986,,0.0
2025-06-16T14:23:57.127666,QQQ250616P00534000,long,206,0.567501,0.555,-0.012500999999999984,-257.5205999999997,,0.0
2025-06-16T14:23:57.201787,QQQ250616P00535000,short,-249,1.018233,1.0495,-0.031267000000000156,778.5483000000038,,0.0
2025-06-16T14:23:57.275568,SPY250616P00602000,long,78,0.521538,0.365,-0.15653799999999995,-1220.9963999999995,,0.0
2025-06-16T14:23:57.353881,SPY250616P00603000,long,4,0.60378,0.785,0.18122000000000005,72.48800000000001,,0.0
2025-06-16T14:23:57.435853,SPY250616P00604000,short,-82,1.109878,1.505,-0.395122,3240.0003999999994,,0.0
2025-06-16T14:25:11.655173,QQQ250616P00533000,long,43,0.399302,0.245,-0.154302,-663.4986,,0.0
2025-06-16T14:25:11.731537,QQQ250616P00534000,long,206,0.567501,0.4545,-0.11300100000000002,-2327.8206000000005,,0.0
2025-06-16T14:25:11.807007,QQQ250616P00535000,short,-249,1.018233,0.985,0.03323299999999996,-827.5016999999989,,0.0
2025-06-16T14:25:11.883304,SPY250616P00602000,long,78,0.521538,0.325,-0.19653799999999993,-1532.9963999999995,,0.0
2025-06-16T14:25:11.957272,SPY250616P00603000,long,4,0.60378,0.735,0.13122,52.488,,0.0
2025-06-16T14:25:12.030010,SPY250616P00604000,short,-82,1.109878,1.375,-0.2651220000000001,2174.000400000001,,0.0
2025-06-16T14:26:25.838613,QQQ250616P00533000,long,43,0.399302,0.265,-0.13430199999999998,-577.4985999999999,,0.0
2025-06-16T14:26:25.912451,QQQ250616P00534000,long,206,0.567501,0.545,-0.022500999999999993,-463.52059999999983,,0.0
2025-06-16T14:26:25.988573,QQQ250616P00535000,short,-249,1.018233,1.135,-0.11676700000000007,2907.4983000000016,,0.0
2025-06-16T14:26:26.063036,SPY250616P00602000,long,78,0.521538,0.365,-0.15653799999999995,-1220.9963999999995,,0.0
2025-06-16T14:26:26.137586,SPY250616P00603000,long,4,0.60378,0.8245,0.22072000000000003,88.28800000000001,,0.0
2025-06-16T14:26:26.215650,SPY250616P00604000,short,-82,1.109878,1.545,-0.435122,3568.0004000000004,,0.0
2025-06-16T14:27:39.669500,QQQ250616P00533000,long,43,0.399302,0.305,-0.094302,-405.49859999999995,,0.0
2025-06-16T14:27:39.748905,QQQ250616P00534000,long,215,0.568024,0.5700000000000001,0.001976000000000089,42.484000000001906,,0.0
2025-06-16T14:27:39.823033,QQQ250616P00535000,short,-258,1.021434,1.1,-0.07856600000000014,2027.0028000000036,,0.0
2025-06-16T14:27:39.901496,SPY250616P00602000,long,78,0.521538,0.375,-0.14653799999999995,-1142.9963999999995,,0.0
2025-06-16T14:27:39.986122,SPY250616P00603000,long,4,0.60378,0.8049999999999999,0.20121999999999995,80.48799999999999,,0.0
2025-06-16T14:27:40.062727,SPY250616P00604000,short,-82,1.109878,1.52,-0.4101220000000001,3363.000400000001,,0.0
2025-06-16T14:28:53.668956,QQQ250616P00533000,long,43,0.399302,0.265,-0.13430199999999998,-577.4985999999999,,0.0
2025-06-16T14:28:53.746897,QQQ250616P00534000,long,224,0.567702,0.5145,-0.05320200000000008,-1191.7248000000018,,0.0
2025-06-16T14:28:53.828327,QQQ250616P00535000,short,-267,1.023408,1.04,-0.01659199999999994,443.0063999999984,,0.0
2025-06-16T14:28:53.903715,SPY250616P00602000,long,78,0.521538,0.375,-0.14653799999999995,-1142.9963999999995,,0.0
2025-06-16T14:28:53.978902,SPY250616P00603000,long,4,0.60378,0.76,0.15622000000000003,62.488000000000014,,0.0
2025-06-16T14:28:54.053862,SPY250616P00604000,short,-82,1.109878,1.475,-0.36512200000000017,2994.0004000000013,,0.0
2025-06-16T14:30:07.885491,QQQ250616P00533000,long,43,0.399302,0.265,-0.13430199999999998,-577.4985999999999,,0.0
2025-06-16T14:30:07.965997,QQQ250616P00534000,long,233,0.566246,0.5345,-0.03174600000000005,-739.6818000000012,,0.0
2025-06-16T14:30:08.046001,QQQ250616P00535000,short,-276,1.024275,1.1,-0.07572500000000004,2090.010000000001,,0.0
2025-06-16T14:30:08.120304,SPY250616P00602000,long,78,0.521538,0.385,-0.13653799999999994,-1064.9963999999995,,0.0
2025-06-16T14:30:08.196481,SPY250616P00603000,long,4,0.60378,0.775,0.17122000000000004,68.48800000000001,,0.0
2025-06-16T14:30:08.273732,SPY250616P00604000,short,-82,1.109878,1.5350000000000001,-0.4251220000000002,3486.0004000000017,,0.0
2025-06-16T14:31:22.223408,QQQ250616P00533000,long,43,0.399302,0.295,-0.104302,-448.4986,,0.0
2025-06-16T14:31:22.301013,QQQ250616P00534000,long,241,0.566702,0.655,0.08829799999999999,2127.9818,,0.0
2025-06-16T14:31:22.380876,QQQ250616P00535000,short,-284,1.02669,1.245,-0.21831,6200.004,,0.0
2025-06-16T14:31:22.461180,SPY250616P00602000,long,78,0.521538,0.434,-0.08753799999999995,-682.7963999999996,,0.0
2025-06-16T14:31:22.540112,SPY250616P00603000,long,4,0.60378,0.95,0.34621999999999997,138.488,,0.0
2025-06-16T14:31:22.618150,SPY250616P00604000,short,-82,1.109878,1.7149999999999999,-0.6051219999999999,4962.000399999999,,0.0
2025-06-16T14:32:37.020764,QQQ250616P00533000,long,43,0.399302,0.345,-0.05430200000000002,-233.49860000000007,,0.0
2025-06-16T14:32:37.100321,QQQ250616P00534000,long,241,0.566702,0.645,0.07829799999999998,1886.9817999999996,,0.0
2025-06-16T14:32:37.177633,QQQ250616P00535000,short,-284,1.02669,1.2850000000000001,-0.25831000000000004,7336.004000000001,,0.0
2025-06-16T14:32:37.278416,SPY250616P00602000,long,78,0.521538,0.44499999999999995,-0.076538,-596.9963999999999,,0.0
2025-06-16T14:32:37.365885,SPY250616P00603000,long,4,0.60378,0.9,0.29622000000000004,118.48800000000001,,0.0
2025-06-16T14:32:37.440880,SPY250616P00604000,short,-82,1.109878,1.685,-0.5751220000000001,4716.000400000001,,0.0
2025-06-16T14:33:51.557905,QQQ250616P00533000,long,51,0.388431,0.28500000000000003,-0.103431,-527.4980999999999,,0.0
2025-06-16T14:33:51.634430,QQQ250616P00534000,long,233,0.566702,0.665,0.098298,2290.3434,,0.0
2025-06-16T14:33:51.719071,QQQ250616P00535000,short,-284,1.02669,1.2650000000000001,-0.23831000000000002,6768.004000000001,,0.0
2025-06-16T14:33:51.796856,SPY250616P00602000,long,78,0.521538,0.435,-0.08653799999999995,-674.9963999999995,,0.0
2025-06-16T14:33:51.876364,SPY250616P00603000,long,4,0.60378,0.8745,0.27072000000000007,108.28800000000003,,0.0
2025-06-16T14:33:51.955116,SPY250616P00604000,short,-82,1.109878,1.6749999999999998,-0.5651219999999999,4634.000399999999,,0.0
2025-06-16T14:35:06.129397,QQQ250616P00533000,long,51,0.388431,0.315,-0.07343100000000002,-374.4981000000001,,0.0
2025-06-16T14:35:06.206423,QQQ250616P00534000,long,233,0.566702,0.645,0.07829799999999998,1824.3433999999993,,0.0
2025-06-16T14:35:06.283582,QQQ250616P00535000,short,-284,1.02669,1.27,-0.24330999999999992,6910.003999999998,,0.0
2025-06-16T14:35:06.359761,SPY250616P00602000,long,78,0.521538,0.445,-0.07653799999999994,-596.9963999999995,,0.0
2025-06-16T14:35:06.436578,SPY250616P00603000,long,4,0.60378,0.9245000000000001,0.3207200000000001,128.28800000000004,,0.0
2025-06-16T14:35:06.515954,SPY250616P00604000,short,-82,1.109878,1.71,-0.600122,4921.000400000001,,0.0
2025-06-16T14:36:20.730488,QQQ250616P00533000,long,51,0.388431,0.365,-0.023431000000000035,-119.49810000000018,,0.0
2025-06-16T14:36:20.806544,QQQ250616P00534000,long,233,0.566702,0.725,0.15829799999999994,3688.343399999999,,0.0
2025-06-16T14:36:20.885128,QQQ250616P00535000,short,-284,1.02669,1.385,-0.3583099999999999,10176.003999999997,,0.0
2025-06-16T14:36:20.961694,SPY250616P00602000,long,78,0.521538,0.525,0.003462000000000076,27.003600000000596,,0.0
2025-06-16T14:36:21.036795,SPY250616P00603000,long,4,0.60378,1.08,0.4762200000000001,190.48800000000003,,0.0
2025-06-16T14:36:21.140355,SPY250616P00604000,short,-82,1.109878,1.885,-0.7751220000000001,6356.000400000001,,0.0
2025-06-16T14:37:35.371607,QQQ250616P00533000,long,59,0.380508,0.345,-0.03550800000000004,-209.49720000000025,,0.0
2025-06-16T14:37:35.448515,QQQ250616P00534000,long,225,0.566702,0.705,0.13829799999999992,3111.704999999998,,0.0
2025-06-16T14:37:35.526191,QQQ250616P00535000,short,-284,1.02669,1.3399999999999999,-0.31330999999999976,8898.003999999994,,0.0
2025-06-16T14:37:35.602593,SPY250616P00602000,long,78,0.521538,0.5045,-0.017037999999999998,-132.89639999999997,,0.0
2025-06-16T14:37:35.682647,SPY250616P00603000,long,4,0.60378,1.01,0.40622,162.488,,0.0
2025-06-16T14:37:35.761395,SPY250616P00604000,short,-82,1.109878,1.84,-0.7301220000000002,5987.000400000002,,0.0
2025-06-16T14:38:50.218154,QQQ250616P00533000,long,59,0.380508,0.30500000000000005,-0.07550799999999996,-445.4971999999998,,0.0
2025-06-16T14:38:50.296312,QQQ250616P00534000,long,225,0.566702,0.67,0.103298,2324.205,,0.0
2025-06-16T14:38:50.375606,QQQ250616P00535000,short,-284,1.02669,1.27,-0.24330999999999992,6910.003999999998,,0.0
2025-06-16T14:38:50.456615,SPY250616P00602000,long,78,0.521538,0.45499999999999996,-0.06653799999999999,-518.9963999999999,,0.0
2025-06-16T14:38:50.533365,SPY250616P00603000,long,4,0.60378,0.96,0.35622,142.488,,0.0
2025-06-16T14:38:50.617369,SPY250616P00604000,short,-82,1.109878,1.7650000000000001,-0.6551220000000002,5372.000400000002,,0.0
2025-06-16T14:40:04.853729,QQQ250616P00533000,long,59,0.380508,0.325,-0.055508,-327.4972,,0.0
2025-06-16T14:40:04.950825,QQQ250616P00534000,long,225,0.566702,0.665,0.098298,2211.705,,0.0
2025-06-16T14:40:05.030179,QQQ250616P00535000,short,-284,1.02669,1.2850000000000001,-0.25831000000000004,7336.004000000001,,0.0
2025-06-16T14:40:05.110106,SPY250616P00602000,long,78,0.521538,0.434,-0.08753799999999995,-682.7963999999996,,0.0
2025-06-16T14:40:05.186895,SPY250616P00603000,long,4,0.60378,0.97,0.36622,146.488,,0.0
2025-06-16T14:40:05.261808,SPY250616P00604000,short,-82,1.109878,1.725,-0.6151220000000002,5044.000400000002,,0.0
2025-06-16T14:41:19.496244,QQQ250616P00533000,long,66,0.37303,0.265,-0.10802999999999996,-712.9979999999997,,0.0
2025-06-16T14:41:19.574952,QQQ250616P00534000,long,218,0.566702,0.64,0.07329799999999997,1597.8963999999994,,0.0
2025-06-16T14:41:19.654925,QQQ250616P00535000,short,-284,1.02669,1.26,-0.2333099999999999,6626.003999999997,,0.0
2025-06-16T14:41:19.732565,SPY250616P00602000,long,78,0.521538,0.435,-0.08653799999999995,-674.9963999999995,,0.0
2025-06-16T14:41:19.811453,SPY250616P00603000,long,4,0.60378,0.9099999999999999,0.30621999999999994,122.48799999999997,,0.0
2025-06-16T14:41:19.886440,SPY250616P00604000,short,-82,1.109878,1.68,-0.570122,4675.000400000001,,0.0
2025-06-16T14:42:33.841988,QQQ250616P00533000,long,66,0.37303,0.305,-0.06802999999999998,-448.9979999999998,,0.0
2025-06-16T14:42:33.917995,QQQ250616P00534000,long,218,0.566702,0.62,0.053297999999999957,1161.8963999999992,,0.0
2025-06-16T14:42:33.994448,QQQ250616P00535000,short,-284,1.02669,1.27,-0.24330999999999992,6910.003999999998,,0.0
2025-06-16T14:42:34.069569,SPY250616P00602000,long,78,0.521538,0.435,-0.08653799999999995,-674.9963999999995,,0.0
2025-06-16T14:42:34.142436,SPY250616P00603000,long,4,0.60378,0.8795,0.27571999999999997,110.28799999999998,,0.0
2025-06-16T14:42:34.219198,SPY250616P00604000,short,-82,1.109878,1.7349999999999999,-0.625122,5126.0004,,0.0
2025-06-16T14:43:57.329799,QQQ250616P00533000,long,66,0.37303,0.30500000000000005,-0.06802999999999992,-448.9979999999995,,0.0
2025-06-16T14:43:57.405377,QQQ250616P00534000,long,218,0.566702,0.6599999999999999,0.09329799999999988,2033.8963999999976,,0.0
2025-06-16T14:43:57.479619,QQQ250616P00535000,short,-284,1.02669,1.3,-0.27330999999999994,7762.003999999999,,0.0
2025-06-16T14:43:57.571046,SPY250616P00602000,long,78,0.521538,0.434,-0.08753799999999995,-682.7963999999996,,0.0
2025-06-16T14:43:57.646636,SPY250616P00603000,long,4,0.60378,0.975,0.37122,148.488,,0.0
2025-06-16T14:43:57.723953,SPY250616P00604000,short,-82,1.109878,1.8050000000000002,-0.6951220000000002,5700.000400000002,,0.0
2025-06-16T14:45:12.010390,QQQ250616P00533000,long,66,0.37303,0.315,-0.05802999999999997,-382.9979999999998,,0.0
2025-06-16T14:45:12.088414,QQQ250616P00534000,long,218,0.566702,0.735,0.16829799999999995,3668.896399999999,,0.0
2025-06-16T14:45:12.164347,QQQ250616P00535000,short,-284,1.02669,1.3599999999999999,-0.3333099999999998,9466.003999999994,,0.0
2025-06-16T14:45:12.242566,SPY250616P00602000,long,78,0.521538,0.475,-0.04653799999999997,-362.99639999999977,,0.0
2025-06-16T14:45:12.322606,SPY250616P00603000,long,4,0.60378,1.02,0.41622000000000003,166.488,,0.0
2025-06-16T14:45:12.399930,SPY250616P00604000,short,-82,1.109878,1.85,-0.7401220000000002,6069.000400000002,,0.0
2025-06-16T14:46:26.644985,QQQ250616P00533000,long,73,0.370822,0.345,-0.02582200000000001,-188.50060000000008,,0.0
2025-06-16T14:46:26.723207,QQQ250616P00534000,long,211,0.566702,0.7,0.13329799999999992,2812.5877999999984,,0.0
2025-06-16T14:46:26.798624,QQQ250616P00535000,short,-284,1.02669,1.415,-0.38830999999999993,11028.003999999999,,0.0
2025-06-16T14:46:26.879019,SPY250616P00602000,long,78,0.521538,0.475,-0.04653799999999997,-362.99639999999977,,0.0
2025-06-16T14:46:26.968922,SPY250616P00603000,long,4,0.60378,1.04,0.43622000000000005,174.48800000000003,,0.0
2025-06-16T14:46:27.045321,SPY250616P00604000,short,-82,1.109878,1.8650000000000002,-0.7551220000000003,6192.000400000003,,0.0
2025-06-16T14:47:40.995971,QQQ250616P00533000,long,80,0.368125,0.355,-0.013124999999999998,-104.99999999999999,,0.0
2025-06-16T14:47:41.075723,QQQ250616P00534000,long,204,0.566702,0.77,0.20329799999999998,4147.2792,,0.0
2025-06-16T14:47:41.154584,QQQ250616P00535000,short,-284,1.02669,1.505,-0.4783099999999998,13584.003999999994,,0.0
2025-06-16T14:47:41.235911,SPY250616P00602000,long,78,0.521538,0.495,-0.02653799999999995,-206.99639999999962,,0.0
2025-06-16T14:47:41.314010,SPY250616P00603000,long,4,0.60378,1.07,0.4662200000000001,186.48800000000003,,0.0
2025-06-16T14:47:41.398106,SPY250616P00604000,short,-82,1.109878,1.9195,-0.8096220000000001,6638.9004,,0.0
2025-06-16T14:49:13.925004,QQQ250616P00533000,long,87,0.366667,0.355,-0.011667000000000038,-101.50290000000032,,0.0
2025-06-16T14:49:14.000457,QQQ250616P00534000,long,197,0.566702,0.755,0.18829799999999997,3709.4705999999996,,0.0
2025-06-16T14:49:14.074201,QQQ250616P00535000,short,-284,1.02669,1.5150000000000001,-0.48831,13868.004000000003,,0.0
2025-06-16T14:49:14.153857,SPY250616P00602000,long,78,0.521538,0.545,0.023462000000000094,183.00360000000074,,0.0
2025-06-16T14:49:14.230048,SPY250616P00603000,long,4,0.60378,1.13,0.5262199999999999,210.48799999999997,,0.0
2025-06-16T14:49:14.305273,SPY250616P00604000,short,-82,1.109878,1.95,-0.840122,6889.000400000001,,0.0
2025-06-16T14:50:28.360642,QQQ250616P00533000,long,94,0.36617,0.395,0.028830000000000022,271.0020000000002,,0.0
2025-06-16T14:50:28.434408,QQQ250616P00534000,long,190,0.566702,0.8245,0.25779799999999997,4898.161999999999,,0.0
2025-06-16T14:50:28.508206,QQQ250616P00535000,short,-284,1.02669,1.5550000000000002,-0.5283100000000001,15004.004,,0.0
2025-06-16T14:50:28.586249,SPY250616P00602000,long,78,0.521538,0.5449999999999999,0.023461999999999983,183.00359999999986,,0.0
2025-06-16T14:50:28.662518,SPY250616P00603000,long,4,0.60378,1.1549999999999998,0.5512199999999998,220.48799999999994,,0.0
2025-06-16T14:50:28.737327,SPY250616P00604000,short,-82,1.109878,2.01,-0.9001219999999999,7381.000399999999,,0.0
2025-06-16T14:51:42.503363,QQQ250616P00533000,long,100,0.3682,0.405,0.0368,368.0,,0.0
2025-06-16T14:51:42.578562,QQQ250616P00534000,long,184,0.566702,0.8795,0.3127979999999999,5755.483199999999,,0.0
2025-06-16T14:51:42.651776,QQQ250616P00535000,short,-284,1.02669,1.64,-0.6133099999999998,17418.003999999994,,0.0
2025-06-16T14:51:42.725296,SPY250616P00602000,long,78,0.521538,0.555,0.0334620000000001,261.0036000000008,,0.0
2025-06-16T14:51:42.799454,SPY250616P00603000,long,4,0.60378,1.205,0.6012200000000001,240.48800000000003,,0.0
2025-06-16T14:51:42.877014,SPY250616P00604000,short,-82,1.109878,2.085,-0.975122,7996.0004,,0.0
2025-06-16T14:52:56.748080,QQQ250616P00533000,long,107,0.368972,0.305,-0.06397200000000003,-684.5004000000004,,0.0
2025-06-16T14:52:56.821601,QQQ250616P00534000,long,177,0.566702,0.695,0.1282979999999999,2270.8745999999983,,0.0
2025-06-16T14:52:56.899208,QQQ250616P00535000,short,-284,1.02669,1.4449999999999998,-0.41830999999999974,11880.003999999992,,0.0
2025-06-16T14:52:56.981423,SPY250616P00602000,long,78,0.521538,0.495,-0.02653799999999995,-206.99639999999962,,0.0
2025-06-16T14:52:57.058473,SPY250616P00603000,long,4,0.60378,1.04,0.43622000000000005,174.48800000000003,,0.0
2025-06-16T14:52:57.129711,SPY250616P00604000,short,-82,1.109878,1.9045,-0.7946220000000002,6515.900400000001,,0.0
2025-06-16T14:54:27.582021,QQQ250616P00533000,long,114,0.364123,0.245,-0.11912299999999998,-1358.0021999999997,,0.0
2025-06-16T14:54:27.652987,QQQ250616P00534000,long,170,0.566702,0.63,0.06329799999999997,1076.0659999999993,,0.0
2025-06-16T14:54:27.725039,QQQ250616P00535000,short,-284,1.02669,1.31,-0.28330999999999995,8046.003999999999,,0.0
2025-06-16T14:54:27.801224,SPY250616P00602000,long,78,0.521538,0.41500000000000004,-0.10653799999999991,-830.9963999999993,,0.0
2025-06-16T14:54:27.882416,SPY250616P00603000,long,4,0.60378,0.9495,0.34572,138.288,,0.0
2025-06-16T14:54:27.956459,SPY250616P00604000,short,-82,1.109878,1.75,-0.6401220000000001,5249.000400000001,,0.0
2025-06-16T14:55:41.985563,QQQ250616P00533000,long,114,0.364123,0.185,-0.17912299999999998,-2042.0021999999997,,0.0
2025-06-16T14:55:42.067121,QQQ250616P00534000,long,170,0.566702,0.5145,-0.05220200000000008,-887.4340000000014,,0.0
2025-06-16T14:55:42.144294,QQQ250616P00535000,short,-284,1.02669,1.1099999999999999,-0.08330999999999977,2366.0039999999935,,0.0
2025-06-16T14:55:42.218119,SPY250616P00602000,long,78,0.521538,0.335,-0.18653799999999993,-1454.9963999999993,,0.0
2025-06-16T14:55:42.292871,SPY250616P00603000,long,4,0.60378,0.785,0.18122000000000005,72.48800000000001,,0.0
2025-06-16T14:55:42.374538,SPY250616P00604000,short,-82,1.109878,1.545,-0.435122,3568.0004000000004,,0.0
2025-06-16T14:56:55.978325,QQQ250616P00533000,long,114,0.364123,0.215,-0.14912299999999998,-1700.0021999999997,,0.0
2025-06-16T14:56:56.056376,QQQ250616P00534000,long,170,0.566702,0.495,-0.07170200000000004,-1218.9340000000007,,0.0
2025-06-16T14:56:56.131923,QQQ250616P00535000,short,-284,1.02669,1.06,-0.03330999999999995,946.0039999999985,,0.0
2025-06-16T14:56:56.210666,SPY250616P00602000,long,78,0.521538,0.315,-0.20653799999999994,-1610.9963999999995,,0.0
2025-06-16T14:56:56.286296,SPY250616P00603000,long,4,0.60378,0.725,0.12122,48.488,,0.0
2025-06-16T14:56:56.365644,SPY250616P00604000,short,-82,1.109878,1.47,-0.36012200000000005,2953.0004000000004,,0.0
2025-06-16T14:58:10.180229,QQQ250616P00533000,long,114,0.364123,0.20500000000000002,-0.15912299999999996,-1814.0021999999994,,0.0
2025-06-16T14:58:10.257520,QQQ250616P00534000,long,170,0.566702,0.425,-0.14170200000000005,-2408.9340000000007,,0.0
2025-06-16T14:58:10.328571,QQQ250616P00535000,short,-284,1.02669,1.0295,-0.002809999999999979,79.8039999999994,,0.0
2025-06-16T14:58:10.403555,SPY250616P00602000,long,78,0.521538,0.305,-0.21653799999999995,-1688.9963999999995,,0.0
2025-06-16T14:58:10.478982,SPY250616P00603000,long,4,0.60378,0.675,0.07122000000000006,28.488000000000024,,0.0
2025-06-16T14:58:10.554373,SPY250616P00604000,short,-82,1.109878,1.37,-0.2601220000000002,2133.0004000000017,,0.0
2025-06-16T14:59:42.800521,QQQ250616P00533000,long,114,0.364123,0.215,-0.14912299999999998,-1700.0021999999997,,0.0
2025-06-16T14:59:42.871960,QQQ250616P00534000,long,170,0.566702,0.5045,-0.06220200000000009,-1057.4340000000016,,0.0
2025-06-16T14:59:42.946852,QQQ250616P00535000,short,-284,1.02669,1.115,-0.08830999999999989,2508.0039999999967,,0.0
2025-06-16T14:59:43.025551,SPY250616P00602000,long,78,0.521538,0.295,-0.22653799999999996,-1766.9963999999998,,0.0
2025-06-16T14:59:43.255429,SPY250616P00603000,long,4,0.60378,0.77,0.16622000000000003,66.48800000000001,,0.0
2025-06-16T14:59:43.328038,SPY250616P00604000,short,-82,1.109878,1.525,-0.415122,3404.0003999999994,,0.0
2025-06-16T15:00:56.771198,QQQ250616P00533000,long,114,0.364123,0.175,-0.18912299999999999,-2156.0022,,0.0
2025-06-16T15:00:56.842656,QQQ250616P00534000,long,170,0.566702,0.495,-0.07170200000000004,-1218.9340000000007,,0.0
2025-06-16T15:00:56.916696,QQQ250616P00535000,short,-284,1.02669,1.09,-0.06330999999999998,1798.0039999999995,,0.0
2025-06-16T15:00:56.988494,SPY250616P00602000,long,78,0.521538,0.295,-0.22653799999999996,-1766.9963999999998,,0.0
2025-06-16T15:00:57.062896,SPY250616P00603000,long,4,0.60378,0.725,0.12122,48.488,,0.0
2025-06-16T15:00:57.140721,SPY250616P00604000,short,-82,1.109878,1.525,-0.415122,3404.0003999999994,,0.0
2025-06-16T15:02:10.785148,QQQ250616P00533000,long,114,0.364123,0.20450000000000002,-0.15962299999999996,-1819.7021999999997,,0.0
2025-06-16T15:02:10.859719,QQQ250616P00534000,long,170,0.566702,0.475,-0.09170200000000006,-1558.934000000001,,0.0
2025-06-16T15:02:10.934060,QQQ250616P00535000,short,-284,1.02669,1.115,-0.08830999999999989,2508.0039999999967,,0.0
2025-06-16T15:02:11.007746,SPY250616P00602000,long,78,0.521538,0.335,-0.18653799999999993,-1454.9963999999993,,0.0
2025-06-16T15:02:11.082413,SPY250616P00603000,long,4,0.60378,0.835,0.23121999999999998,92.488,,0.0
2025-06-16T15:02:11.156312,SPY250616P00604000,short,-82,1.109878,1.65,-0.540122,4429.0004,,0.0
2025-06-16T15:03:24.804946,QQQ250616P00533000,long,114,0.364123,0.195,-0.16912299999999997,-1928.0021999999994,,0.0
2025-06-16T15:03:24.879083,QQQ250616P00534000,long,170,0.566702,0.555,-0.01170199999999999,-198.93399999999983,,0.0
2025-06-16T15:03:24.952158,QQQ250616P00535000,short,-284,1.02669,1.205,-0.17830999999999997,5064.003999999999,,0.0
2025-06-16T15:03:25.024470,SPY250616P00602000,long,78,0.521538,0.375,-0.14653799999999995,-1142.9963999999995,,0.0
2025-06-16T15:03:25.095448,SPY250616P00603000,long,4,0.60378,0.9295,0.32572,130.288,,0.0
2025-06-16T15:03:25.172475,SPY250616P00604000,short,-82,1.109878,1.725,-0.6151220000000002,5044.000400000002,,0.0
2025-06-16T15:04:39.332284,QQQ250616P00533000,long,114,0.364123,0.2345,-0.129623,-1477.7022,,0.0
2025-06-16T15:04:39.409888,QQQ250616P00534000,long,170,0.566702,0.5195000000000001,-0.047201999999999966,-802.4339999999995,,0.0
2025-06-16T15:04:39.482920,QQQ250616P00535000,short,-284,1.02669,1.2149999999999999,-0.18830999999999976,5348.0039999999935,,0.0
2025-06-16T15:04:39.559682,SPY250616P00602000,long,78,0.521538,0.40449999999999997,-0.11703799999999998,-912.8963999999999,,0.0
2025-06-16T15:04:39.637637,SPY250616P00603000,long,4,0.60378,0.9795,0.37572000000000005,150.288,,0.0
2025-06-16T15:04:39.713192,SPY250616P00604000,short,-82,1.109878,1.8050000000000002,-0.6951220000000002,5700.000400000002,,0.0
2025-06-16T15:05:53.862066,QQQ250616P00533000,long,114,0.364123,0.26,-0.10412299999999997,-1187.0021999999994,,0.0
2025-06-16T15:05:53.940102,QQQ250616P00534000,long,170,0.566702,0.575,0.008297999999999917,141.06599999999858,,0.0
2025-06-16T15:05:54.016334,QQQ250616P00535000,short,-284,1.02669,1.2650000000000001,-0.23831000000000002,6768.004000000001,,0.0
2025-06-16T15:05:54.094805,SPY250616P00602000,long,78,0.521538,0.475,-0.04653799999999997,-362.99639999999977,,0.0
2025-06-16T15:05:54.172207,SPY250616P00603000,long,4,0.60378,1.0150000000000001,0.41122000000000014,164.48800000000006,,0.0
2025-06-16T15:05:54.248826,SPY250616P00604000,short,-82,1.109878,1.835,-0.725122,5946.000400000001,,0.0
2025-06-16T15:07:08.309531,QQQ250616P00533000,long,114,0.364123,0.22999999999999998,-0.134123,-1529.0022,,0.0
2025-06-16T15:07:08.385668,QQQ250616P00534000,long,170,0.566702,0.64,0.07329799999999997,1246.0659999999996,,0.0
2025-06-16T15:07:08.459491,QQQ250616P00535000,short,-284,1.02669,1.315,-0.28830999999999984,8188.003999999995,,0.0
2025-06-16T15:07:08.534430,SPY250616P00602000,long,78,0.521538,0.475,-0.04653799999999997,-362.99639999999977,,0.0
2025-06-16T15:07:08.607069,SPY250616P00603000,long,4,0.60378,1.1150000000000002,0.5112200000000002,204.48800000000008,,0.0
2025-06-16T15:07:08.678859,SPY250616P00604000,short,-82,1.109878,1.9649999999999999,-0.8551219999999999,7012.000399999999,,0.0
2025-06-16T15:08:22.915279,QQQ250616P00533000,long,114,0.364123,0.24,-0.12412299999999998,-1415.0022,,0.0
2025-06-16T15:08:22.988092,QQQ250616P00534000,long,170,0.566702,0.63,0.06329799999999997,1076.0659999999993,,0.0
2025-06-16T15:08:23.067918,QQQ250616P00535000,short,-284,1.02669,1.31,-0.28330999999999995,8046.003999999999,,0.0
2025-06-16T15:08:23.145094,SPY250616P00602000,long,78,0.521538,0.51,-0.011537999999999937,-89.99639999999951,,0.0
2025-06-16T15:08:23.217618,SPY250616P00603000,long,4,0.60378,1.115,0.51122,204.488,,0.0
2025-06-16T15:08:23.305411,SPY250616P00604000,short,-82,1.109878,1.955,-0.8451220000000002,6930.000400000002,,0.0
2025-06-16T15:10:41.619008,QQQ250616P00533000,long,114,0.364123,0.29000000000000004,-0.07412299999999994,-845.0021999999993,,0.0
2025-06-16T15:10:41.979949,QQQ250616P00534000,long,170,0.566702,0.77,0.20329799999999998,3456.066,,0.0
2025-06-16T15:10:42.323951,QQQ250616P00535000,short,-284,1.02669,1.5350000000000001,-0.50831,14436.003999999999,,0.0
2025-06-16T15:10:42.879269,SPY250616P00602000,long,78,0.521538,0.585,0.06346200000000002,495.0036000000002,,0.0
2025-06-16T15:10:43.230392,SPY250616P00603000,long,4,0.60378,1.295,0.69122,276.488,,0.0
2025-06-16T15:10:43.742538,SPY250616P00604000,short,-82,1.109878,2.13,-1.020122,8365.000399999999,,0.0
